{
  "best_C": 0.01,
  "lambda": 100.0,
  "weights": {
    "oct0_feat": 0.6583798116470435,
    "oct1_feat": 0.5785204693257424,
    "octa3_feat": 0.24346290025654047
  },
  "intercept": -0.6405752329072204,
  "scaler_mean": {
    "oct0_feat": -2.0395612457995425,
    "oct1_feat": -1.9946286424680828,
    "octa3_feat": -1.2917753520760662
  },
  "scaler_scale": {
    "oct0_feat": 2.2871370282548997,
    "oct1_feat": 1.8846235911898832,
    "octa3_feat": 1.5318872059392237
  },
  "cv_mean_auc_per_C": {
    "0.001": 0.8871801539421676,
    "0.01": 0.8873335760349491,
    "0.1": 0.8861452049095071,
    "1.0": 0.8853858955689619,
    "10.0": 0.8850920532556689
  },
  "cv_std_auc_per_C": {
    "0.001": 0.04697060227083567,
    "0.01": 0.04656875535910205,
    "0.1": 0.04731676283216765,
    "1.0": 0.04722363231025783,
    "10.0": 0.04752919043169672
  },
  "cv_scores_all_folds": {
    "0.001": [
      0.9070366132723112,
      0.903604118993135,
      0.8955949656750573,
      0.9330143540669856,
      0.7966507177033493
    ],
    "0.01": [
      0.9058924485125859,
      0.9096109839816934,
      0.8935926773455377,
      0.930322966507177,
      0.7972488038277512
    ],
    "0.1": [
      0.9018878718535469,
      0.9118993135011442,
      0.8944508009153318,
      0.9282296650717704,
      0.7942583732057417
    ],
    "1.0": [
      0.9004576659038901,
      0.9118993135011442,
      0.8938787185354691,
      0.9270334928229665,
      0.7936602870813397
    ],
    "10.0": [
      0.8995995423340961,
      0.9118993135011442,
      0.8941647597254005,
      0.9270334928229665,
      0.7927631578947368
    ]
  },
  "insample_note": "Training data only — overfitting reference, NOT for reporting",
  "insample_auc": 0.8929436422915696,
  "insample_f1_macro": 0.7308546059933407,
  "insample_f1_active": 0.559748427672956,
  "insample_accuracy": 0.8396334478808706,
  "insample_bal_acc": 0.817489520260829,
  "insample_brier": 0.13438056947261515,
  "insample_sensitivity": 0.7876106194690266,
  "insample_specificity": 0.8473684210526315,
  "insample_confusion": {
    "TP": 89,
    "FP": 116,
    "FN": 24,
    "TN": 644
  },
  "training_time_sec": 1.4498062133789062,
  "meta_dataset_source": "/data/Irene/SwinTransformer/Swin_Meta/outputs/meta_dataset/swin_tiny__logit__calibTrue/meta_train_oof.csv"
}