{
  "best_C": 0.1,
  "lambda": 10.0,
  "weights": {
    "oct0_feat": 0.5110853315382224,
    "oct1_feat": 0.5873810539935925,
    "octa3_feat": 0.5254345290298339
  },
  "intercept": -0.5194979833396615,
  "scaler_mean": {
    "oct0_feat": -1.4706242690774967,
    "oct1_feat": -1.4300089951098938,
    "octa3_feat": -1.443609223902553
  },
  "scaler_scale": {
    "oct0_feat": 1.7419244927014443,
    "oct1_feat": 1.775476982428416,
    "octa3_feat": 1.9318471469337093
  },
  "cv_mean_auc_per_C": {
    "0.001": 0.7994409194924069,
    "0.01": 0.8001820262117745,
    "0.1": 0.8009543374245892,
    "1.0": 0.7998803827751196,
    "10.0": 0.7999401913875598
  },
  "cv_std_auc_per_C": {
    "0.001": 0.07831417222278653,
    "0.01": 0.07759456264946843,
    "0.1": 0.07721652803718931,
    "1.0": 0.0772634526656391,
    "10.0": 0.07718183414965889
  },
  "cv_scores_all_folds": {
    "0.001": [
      0.8246567505720823,
      0.7428489702517163,
      0.9216247139588101,
      0.8163875598086124,
      0.6916866028708134
    ],
    "0.01": [
      0.824370709382151,
      0.7462814645308925,
      0.9224828375286042,
      0.8145933014354068,
      0.6931818181818181
    ],
    "0.1": [
      0.8275171624713958,
      0.749141876430206,
      0.9236270022883295,
      0.8098086124401913,
      0.694677033492823
    ],
    "1.0": [
      0.8269450800915331,
      0.7491418764302059,
      0.9239130434782609,
      0.8050239234449761,
      0.694377990430622
    ],
    "10.0": [
      0.8269450800915331,
      0.7491418764302059,
      0.9239130434782609,
      0.8050239234449761,
      0.694677033492823
    ]
  },
  "insample_note": "Training data only — overfitting reference, NOT for reporting",
  "insample_auc": 0.8054378202142524,
  "insample_f1_macro": 0.6155590326902716,
  "insample_f1_active": 0.40506329113924056,
  "insample_accuracy": 0.7308132875143184,
  "insample_bal_acc": 0.7210875640428505,
  "insample_brier": 0.17631912727217502,
  "insample_sensitivity": 0.7079646017699115,
  "insample_specificity": 0.7342105263157894,
  "insample_confusion": {
    "TP": 80,
    "FP": 202,
    "FN": 33,
    "TN": 558
  },
  "training_time_sec": 1.4758415222167969,
  "meta_dataset_source": "/data/Irene/SwinTransformer/Swin_Meta/VGG16_outputs/meta_dataset/vgg16__logit__calibTrue/Partial_B5/OCT0_LR8e-06_OCT1_LR9e-06_OCTA3_LR8e-06/meta_train_oof.csv"
}