{
  "best_C": 0.01,
  "lambda": 100.0,
  "weights": {
    "oct0_feat": 0.5548810817126356,
    "oct1_feat": 0.5282766421362739,
    "octa3_feat": 0.27665854444927657
  },
  "intercept": -0.4002564704700503,
  "scaler_mean": {
    "oct0_feat": -0.5792723953608467,
    "oct1_feat": -1.0241163751568796,
    "octa3_feat": -0.5355067088108743
  },
  "scaler_scale": {
    "oct0_feat": 1.556960771832947,
    "oct1_feat": 1.6339525274719158,
    "octa3_feat": 1.1719445145219676
  },
  "cv_mean_auc_per_C": {
    "0.001": 0.828042438111088,
    "0.01": 0.8293244227168712,
    "0.1": 0.8288485541918037,
    "1.0": 0.8283648845433742,
    "10.0": 0.8281308508425214
  },
  "cv_std_auc_per_C": {
    "0.001": 0.042075348867540475,
    "0.01": 0.0385423901510771,
    "0.1": 0.038541495913717035,
    "1.0": 0.038904259823157344,
    "10.0": 0.03901626856847761
  },
  "cv_scores_all_folds": {
    "0.001": [
      0.8544050343249427,
      0.7757437070938216,
      0.8443935926773456,
      0.8833732057416267,
      0.7822966507177034
    ],
    "0.01": [
      0.8524027459954233,
      0.7823226544622426,
      0.8435354691075514,
      0.88127990430622,
      0.7870813397129187
    ],
    "0.1": [
      0.8492562929061784,
      0.7874713958810069,
      0.8412471395881007,
      0.8836722488038278,
      0.7825956937799042
    ],
    "1.0": [
      0.8489702517162472,
      0.7883295194508009,
      0.8412471395881007,
      0.8833732057416268,
      0.7799043062200957
    ],
    "10.0": [
      0.8489702517162472,
      0.7883295194508009,
      0.840675057208238,
      0.8833732057416268,
      0.7793062200956937
    ]
  },
  "insample_note": "Training data only — overfitting reference, NOT for reporting",
  "insample_auc": 0.833104331625524,
  "insample_f1_macro": 0.6244107744107744,
  "insample_f1_active": 0.41919191919191917,
  "insample_accuracy": 0.736540664375716,
  "insample_bal_acc": 0.7356776897997206,
  "insample_brier": 0.17444756767356834,
  "insample_sensitivity": 0.7345132743362832,
  "insample_specificity": 0.7368421052631579,
  "insample_confusion": {
    "TP": 83,
    "FP": 200,
    "FN": 30,
    "TN": 560
  },
  "training_time_sec": 1.4249615669250488,
  "meta_dataset_source": "/data/Irene/SwinTransformer/Swin_Meta/outputs/meta_dataset/swin_tiny__logit__calibTrue/meta_train_oof.csv"
}