epoch,lr_max,lr_min,train_focal_loss,train_bce,train_acc,val_bce,val_acc,val_auc
1,1.9970047371155703e-06,1.9970047371155703e-06,0.046983785363666264,0.7896883036797882,0.2837958818263205,0.9045826982368123,0.11363636363636363,0.5713384407390716
2,1.987863237928095e-06,1.987863237928095e-06,0.042456406586359095,0.756499737207657,0.3043867502238138,0.8660055046731775,0.2215909090909091,0.619197836863452
3,1.972631233380932e-06,1.972631233380932e-06,0.04000659448060481,0.7363112566187218,0.38675022381378693,0.843535764650865,0.3125,0.6615592609283462
4,1.95140263384727e-06,1.95140263384727e-06,0.03904016925590638,0.7103644565694974,0.4816472694717995,0.8803919743407856,0.26420454545454547,0.7086976115367282
