{
  "best_C": 0.001,
  "lambda": 1000.0,
  "weights": {
    "oct0_feat": 0.21844044362213644,
    "oct1_feat": 0.17104839266791733,
    "octa3_feat": 0.11163972810945497
  },
  "intercept": -0.23599924555181484,
  "scaler_mean": {
    "oct0_feat": -2.2858483349607845,
    "oct1_feat": -2.23120770167721,
    "octa3_feat": -1.5983079646070346
  },
  "scaler_scale": {
    "oct0_feat": 2.0390878047773633,
    "oct1_feat": 1.7682933897992246,
    "octa3_feat": 1.6991152738851165
  },
  "cv_mean_auc_per_C": {
    "0.001": 0.8806376118161016,
    "0.01": 0.8804061784897025,
    "0.1": 0.8791866028708135,
    "1.0": 0.8778994175161223,
    "10.0": 0.8775483669648431
  },
  "cv_std_auc_per_C": {
    "0.001": 0.042166706775190584,
    "0.01": 0.044435857583513656,
    "0.1": 0.04680248330849752,
    "1.0": 0.04762085552979766,
    "10.0": 0.04794197765119173
  },
  "cv_scores_all_folds": {
    "0.001": [
      0.8898741418764302,
      0.8715675057208236,
      0.8947368421052632,
      0.9383971291866029,
      0.8086124401913876
    ],
    "0.01": [
      0.892162471395881,
      0.8712814645308924,
      0.8918764302059496,
      0.9419856459330143,
      0.8047248803827751
    ],
    "0.1": [
      0.8955949656750571,
      0.8704233409610984,
      0.8852974828375286,
      0.9446770334928231,
      0.7999401913875599
    ],
    "1.0": [
      0.8953089244851258,
      0.8709954233409611,
      0.8818649885583524,
      0.944377990430622,
      0.7969497607655502
    ],
    "10.0": [
      0.8955949656750571,
      0.8707093821510298,
      0.8810068649885584,
      0.944377990430622,
      0.7960526315789473
    ]
  },
  "insample_note": "Training data only — overfitting reference, NOT for reporting",
  "insample_auc": 0.8830577550069866,
  "insample_f1_macro": 0.7263070539419088,
  "insample_f1_active": 0.5466666666666666,
  "insample_accuracy": 0.8442153493699885,
  "insample_bal_acc": 0.7937529110386585,
  "insample_brier": 0.18464251436181592,
  "insample_sensitivity": 0.7256637168141593,
  "insample_specificity": 0.8618421052631579,
  "insample_confusion": {
    "TP": 82,
    "FP": 105,
    "FN": 31,
    "TN": 655
  },
  "training_time_sec": 1.4138381481170654,
  "meta_dataset_source": "/data/Irene/SwinTransformer/Swin_Meta/outputs/meta_dataset/swin_tiny__logit__calibTrue/meta_train_oof.csv"
}