{
  "best_C": 0.001,
  "lambda": 1000.0,
  "weights": {
    "oct0_feat": 0.19560010597853084,
    "oct1_feat": 0.18092376941053206,
    "octa3_feat": 0.10723634888175486
  },
  "intercept": -0.21123904290399426,
  "scaler_mean": {
    "oct0_feat": -1.2561556526957418,
    "oct1_feat": -2.23120770167721,
    "octa3_feat": -1.2917753520760662
  },
  "scaler_scale": {
    "oct0_feat": 2.0187377687711887,
    "oct1_feat": 1.7682933897992246,
    "octa3_feat": 1.5318872059392237
  },
  "cv_mean_auc_per_C": {
    "0.001": 0.8728624921988766,
    "0.01": 0.8723320158102768,
    "0.1": 0.8710136259621386,
    "1.0": 0.8700306844185561,
    "10.0": 0.8698018514666112
  },
  "cv_std_auc_per_C": {
    "0.001": 0.0586170717667595,
    "0.01": 0.057587706428756415,
    "0.1": 0.056246655817119455,
    "1.0": 0.05562841008544572,
    "10.0": 0.05554006379089989
  },
  "cv_scores_all_folds": {
    "0.001": [
      0.8918764302059496,
      0.8057780320366132,
      0.938787185354691,
      0.9264354066985646,
      0.8014354066985645
    ],
    "0.01": [
      0.8858695652173914,
      0.8086384439359267,
      0.9410755148741419,
      0.924043062200957,
      0.8020334928229665
    ],
    "0.1": [
      0.8778604118993135,
      0.8100686498855835,
      0.9413615560640731,
      0.9219497607655504,
      0.8038277511961722
    ],
    "1.0": [
      0.8755720823798627,
      0.8097826086956522,
      0.9402173913043478,
      0.9204545454545455,
      0.8041267942583732
    ],
    "10.0": [
      0.8747139588100686,
      0.8097826086956521,
      0.9399313501144164,
      0.9204545454545455,
      0.8041267942583732
    ]
  },
  "insample_note": "Training data only — overfitting reference, NOT for reporting",
  "insample_auc": 0.8717396367023755,
  "insample_f1_macro": 0.7133500388836084,
  "insample_f1_active": 0.5337423312883435,
  "insample_accuracy": 0.8258877434135166,
  "insample_bal_acc": 0.8020610153702841,
  "insample_brier": 0.19148072546050435,
  "insample_sensitivity": 0.7699115044247787,
  "insample_specificity": 0.8342105263157895,
  "insample_confusion": {
    "TP": 87,
    "FP": 126,
    "FN": 26,
    "TN": 634
  },
  "training_time_sec": 1.449930191040039,
  "meta_dataset_source": "/data/Irene/SwinTransformer/Swin_Meta/outputs/meta_dataset/swin_tiny__logit__calibTrue/OCT0_LR2e-06_OCT1_LR4e-06_OCTA3_LR3e-06/meta_train_oof.csv"
}