{
  "best_C": 0.001,
  "lambda": 1000.0,
  "weights": {
    "oct0_feat": 0.20303569502571034,
    "oct1_feat": 0.18399955601386828,
    "octa3_feat": 0.09262379326756669
  },
  "intercept": -0.20577809541135045,
  "scaler_mean": {
    "oct0_feat": -1.2561556526957418,
    "oct1_feat": -1.5503011640382105,
    "octa3_feat": -1.0955597522891503
  },
  "scaler_scale": {
    "oct0_feat": 2.0187377687711883,
    "oct1_feat": 1.8570128651323945,
    "octa3_feat": 1.406039081871596
  },
  "cv_mean_auc_per_C": {
    "0.001": 0.8803333680049927,
    "0.01": 0.8791631995007281,
    "0.1": 0.8773299355107135,
    "1.0": 0.876620033284793,
    "10.0": 0.876320990222592
  },
  "cv_std_auc_per_C": {
    "0.001": 0.03626515104875239,
    "0.01": 0.03815714584149788,
    "0.1": 0.040072296312473846,
    "1.0": 0.04056387581716693,
    "10.0": 0.04140441404435553
  },
  "cv_scores_all_folds": {
    "0.001": [
      0.8981693363844394,
      0.8601258581235698,
      0.9181922196796339,
      0.9061004784688995,
      0.8190789473684211
    ],
    "0.01": [
      0.9004576659038902,
      0.8632723112128147,
      0.9164759725400458,
      0.9040071770334929,
      0.8116028708133971
    ],
    "0.1": [
      0.9010297482837528,
      0.8624141876430207,
      0.9144736842105263,
      0.9034090909090909,
      0.805322966507177
    ],
    "1.0": [
      0.9016018306636157,
      0.8629862700228833,
      0.9124713958810068,
      0.90311004784689,
      0.8029306220095694
    ],
    "10.0": [
      0.9016018306636157,
      0.8629862700228833,
      0.9124713958810068,
      0.9037081339712919,
      0.8008373205741627
    ]
  },
  "insample_note": "Training data only — overfitting reference, NOT for reporting",
  "insample_auc": 0.8828830926874709,
  "insample_f1_macro": 0.7122881355932205,
  "insample_f1_active": 0.5333333333333334,
  "insample_accuracy": 0.8235967926689576,
  "insample_bal_acc": 0.8045121099208197,
  "insample_brier": 0.19192230572842564,
  "insample_sensitivity": 0.7787610619469026,
  "insample_specificity": 0.8302631578947368,
  "insample_confusion": {
    "TP": 88,
    "FP": 129,
    "FN": 25,
    "TN": 631
  },
  "training_time_sec": 1.4132726192474365,
  "meta_dataset_source": "/data/Irene/SwinTransformer/Swin_Meta/outputs/meta_dataset/swin_tiny__logit__calibTrue/meta_train_oof.csv"
}