{
  "best_C": 0.001,
  "lambda": 1000.0,
  "weights": {
    "oct0_feat": 0.22185789080648777,
    "oct1_feat": 0.18538661336054318,
    "octa3_feat": 0.09775457629119205
  },
  "intercept": -0.248912189729855,
  "scaler_mean": {
    "oct0_feat": -2.2861523744196792,
    "oct1_feat": -2.381288328660889,
    "octa3_feat": -1.5195543191042054
  },
  "scaler_scale": {
    "oct0_feat": 2.068047776324952,
    "oct1_feat": 1.9108617448462877,
    "octa3_feat": 1.4552880004205955
  },
  "cv_mean_auc_per_C": {
    "0.001": 0.8840675057208239,
    "0.01": 0.8837580611608071,
    "0.1": 0.8824448720615768,
    "1.0": 0.8815087372581651,
    "10.0": 0.881511337632619
  },
  "cv_std_auc_per_C": {
    "0.001": 0.0421054439888821,
    "0.01": 0.04330802500872734,
    "0.1": 0.044803319614968556,
    "1.0": 0.04519906636436349,
    "10.0": 0.04516986610973789
  },
  "cv_scores_all_folds": {
    "0.001": [
      0.8784324942791762,
      0.8927345537757437,
      0.8893020594965675,
      0.9458732057416268,
      0.8139952153110048
    ],
    "0.01": [
      0.8747139588100686,
      0.8938787185354691,
      0.8930205949656751,
      0.9458732057416267,
      0.8113038277511961
    ],
    "0.1": [
      0.8672768878718535,
      0.8904462242562929,
      0.897025171624714,
      0.9476674641148326,
      0.8098086124401914
    ],
    "1.0": [
      0.8635583524027459,
      0.8910183066361557,
      0.8978832951945079,
      0.9464712918660286,
      0.8086124401913874
    ],
    "10.0": [
      0.8629862700228833,
      0.8910183066361557,
      0.8981693363844393,
      0.9464712918660286,
      0.8089114832535885
    ]
  },
  "insample_note": "Training data only — overfitting reference, NOT for reporting",
  "insample_auc": 0.8849091755938518,
  "insample_f1_macro": 0.714919837039139,
  "insample_f1_active": 0.5307443365695792,
  "insample_accuracy": 0.8339060710194731,
  "insample_bal_acc": 0.7878318584070796,
  "insample_brier": 0.18189867460145445,
  "insample_sensitivity": 0.7256637168141593,
  "insample_specificity": 0.85,
  "insample_confusion": {
    "TP": 82,
    "FP": 114,
    "FN": 31,
    "TN": 646
  },
  "training_time_sec": 1.4874944686889648,
  "meta_dataset_source": "/data/Irene/SwinTransformer/Swin_Meta/outputs/meta_dataset/swin_tiny__logit__calibTrue/meta_train_oof.csv"
}