{
  "best_C": 0.1,
  "lambda": 10.0,
  "weights": {
    "oct0_feat": 1.1422722346980168,
    "oct1_feat": 0.7488460240383412,
    "octa3_feat": 0.28475156555394665
  },
  "intercept": -0.8942200773879021,
  "scaler_mean": {
    "oct0_feat": -2.0395612457995425,
    "oct1_feat": -1.5503011640382105,
    "octa3_feat": -1.0955597522891503
  },
  "scaler_scale": {
    "oct0_feat": 2.2871370282548997,
    "oct1_feat": 1.8570128651323945,
    "octa3_feat": 1.406039081871596
  },
  "cv_mean_auc_per_C": {
    "0.001": 0.8862570210110257,
    "0.01": 0.8868109007697107,
    "0.1": 0.8872893696692323,
    "1.0": 0.8868681090076972,
    "10.0": 0.8868681090076971
  },
  "cv_std_auc_per_C": {
    "0.001": 0.05122027894425788,
    "0.01": 0.05041163245597932,
    "0.1": 0.04911287682195075,
    "1.0": 0.04911668219836192,
    "10.0": 0.049114016813689765
  },
  "cv_scores_all_folds": {
    "0.001": [
      0.9038901601830664,
      0.8544050343249427,
      0.9376430205949657,
      0.9327153110047846,
      0.8026315789473685
    ],
    "0.01": [
      0.8998855835240275,
      0.857837528604119,
      0.9364988558352403,
      0.9357057416267943,
      0.8041267942583732
    ],
    "0.1": [
      0.8953089244851259,
      0.8564073226544622,
      0.9359267734553777,
      0.9389952153110048,
      0.8098086124401913
    ],
    "1.0": [
      0.897025171624714,
      0.8561212814645309,
      0.9347826086956522,
      0.937799043062201,
      0.8086124401913874
    ],
    "10.0": [
      0.8964530892448512,
      0.8564073226544622,
      0.9350686498855836,
      0.937799043062201,
      0.8086124401913876
    ]
  },
  "insample_note": "Training data only — overfitting reference, NOT for reporting",
  "insample_auc": 0.8903469958081044,
  "insample_f1_macro": 0.7157759024847632,
  "insample_f1_active": 0.537037037037037,
  "insample_accuracy": 0.8281786941580757,
  "insample_bal_acc": 0.8033768048439683,
  "insample_brier": 0.13001334101361764,
  "insample_sensitivity": 0.7699115044247787,
  "insample_specificity": 0.8368421052631579,
  "insample_confusion": {
    "TP": 87,
    "FP": 124,
    "FN": 26,
    "TN": 636
  },
  "training_time_sec": 1.4193921089172363,
  "meta_dataset_source": "/data/Irene/SwinTransformer/Swin_Meta/outputs/meta_dataset/swin_tiny__logit__calibTrue/OCT0_LR3e-06_OCT1_LR2e-06_OCTA3_LR2e-06/meta_train_oof.csv"
}